{"map": "Town03", "sp_x": -6.448509216308594, "sp_y": 61.04201889038086, "sp_z": 0.27530714869499207, "pitch": 0.0, "yaw": 89.63746643066406, "roll": 0.0, "wp_x": -77.88716888427734, "wp_y": 33.20692825317383, "wp_z": 0.6488781571388245, "wp_yaw": -90.15623474121094}