{"map": "Town05", "sp_x": 30.58843421936035, "sp_y": -117.96757507324219, "sp_z": 0.29999998211860657, "pitch": 0.0, "yaw": 91.5320816040039, "roll": 0.0, "wp_x": 35.23812484741211, "wp_y": -29.999629974365234, "wp_z": 0.29999998211860657, "wp_yaw": -88.46794891357422}